,Code,Year,Gender,Table_1,Table_2,Table_3,Table_4,Table_6_PR,Table_6_Est,Sort_Order,Group,Title,Note,ToD_1,ToD_2,ToD_3,Developed_Region,Least_Dev_Country,Sub_Saharan_Africa
0,900,1990,T,152563212.0,5309667699.0,2.873309981879527,,12.346732054907182,18836571.0,1,WORLD,WORLD,,,,,No,No,No
1,900,1995,T,160801752.0,5735123084.0,2.803806468401856,,11.103013355227622,17853840.0,1,WORLD,WORLD,,,,,No,No,No
2,900,2000,T,172703309.0,6126622121.0,2.8188993149753947,,9.164736386145329,15827803.0,1,WORLD,WORLD,,,,,No,No,No
3,900,2005,T,191269100.0,6519635850.0,2.9337390062974147,,6.941389382811964,15370755.0,1,WORLD,WORLD,,,,,No,No,No
4,900,2010,T,221714243.0,6929725043.00001,3.199466668940384,,6.932687224789613,19577474.0,1,WORLD,WORLD,,,,,No,No,No
5,900,2015,T,243700236.0,7349472099.0,3.315887627264533,,,,1,WORLD,WORLD,,,,,No,No,No
